<?xml version="1.0" encoding="UTF-8"?>
<feature
      id="org.springframework.ide.eclipse.maven.feature"
      label="%featureName"
      version="3.9.16.202103111701-RELEASE"
      provider-name="%providerName"
      plugin="org.springframework.ide.eclipse">

   <description>
      %description
   </description>

   <copyright>
      %copyright
   </copyright>

   <license url="%licenseUrl">
      %license
   </license>

   <requires>
      <import feature="org.springframework.ide.eclipse.feature" version="3.9.16" />
   </requires>

   <plugin
         id="org.springframework.ide.eclipse.maven"
         download-size="48"
         install-size="98"
         version="3.9.16.202103111701-RELEASE"
         unpack="false"/>

</feature>
