<?xml version="1.0" encoding="UTF-8"?>
<!--
/*******************************************************************************
 * Copyright (c) 2005, 2009 Spring IDE Developers
 * All rights reserved. This program and the accompanying materials
 * are made available under the terms of the Eclipse Public License v1.0
 * which accompanies this distribution, and is available at
 * https://www.eclipse.org/legal/epl-v10.html
 * 
 * Contributors:
 *     Spring IDE Developers - initial API and implementation
 *******************************************************************************/
 -->
<feature
      id="org.springframework.ide.eclipse.webflow.feature"
      label="%featureName"
      version="3.9.16.202103111701-RELEASE"
      provider-name="%providerName"
      plugin="org.springframework.ide.eclipse">

   <description>
      %description
   </description>

   <copyright>
      %copyright
   </copyright>

   <license url="%licenseUrl">
      %license
   </license>

   <requires>
      <import feature="org.springframework.ide.eclipse.feature" version="3.9.16" />
   </requires>

   <plugin
         id="org.springframework.ide.eclipse.webflow.core"
         download-size="311"
         install-size="641"
         version="3.9.16.202103111701-RELEASE"
         unpack="false"/>

   <plugin
         id="org.springframework.ide.eclipse.webflow.ui"
         download-size="90"
         install-size="195"
         version="3.9.16.202103111701-RELEASE"
         unpack="false"/>

   <plugin
         id="org.springframework.ide.eclipse.webflow.ui.editor"
         download-size="111"
         install-size="210"
         version="3.9.16.202103111701-RELEASE"
         unpack="false"/>

   <plugin
         id="org.springframework.ide.eclipse.webflow.ui.graph"
         download-size="724"
         install-size="1382"
         version="3.9.16.202103111701-RELEASE"
         unpack="false"/>

   <plugin
         id="org.springframework.web"
         download-size="864"
         install-size="1872"
         version="4.3.23.20190313-CI"
         unpack="false"/>
         
   <plugin
         id="org.springframework.web.servlet"
         download-size="949"
         install-size="2362"
         version="4.3.23.20190313-CI"
         unpack="false"/>

   <plugin
         id="javax.validation"
         download-size="84"
         install-size="135"
         version="1.1.0.v20200505-2127"
         unpack="false"/>
         
</feature>
