<?xml version="1.0" encoding="UTF-8"?>
<!--
/*******************************************************************************
 * Copyright (c) 2005, 2016 Spring IDE Developers
 * All rights reserved. This program and the accompanying materials
 * are made available under the terms of the Eclipse Public License v1.0
 * which accompanies this distribution, and is available at
 * https://www.eclipse.org/legal/epl-v10.html
 * 
 * Contributors:
 *     Spring IDE Developers - initial API and implementation
 *******************************************************************************/
 -->
<feature
      id="org.springframework.ide.eclipse.feature"
      label="%featureName"
      version="3.9.16.202103111701-RELEASE"
      provider-name="%providerName"
      plugin="org.springframework.ide.eclipse">

   <description>
      %description
   </description>

   <copyright>
      %copyright
   </copyright>

   <license url="%licenseUrl">
      %license
   </license>

   <requires>
      <import feature="org.eclipse.wst.xml_ui.feature" match="greaterOrEqual"/>
      <import feature="org.eclipse.jdt" version="3.3.0" match="greaterOrEqual"/>
      <import feature="org.springframework.ide.eclipse.xml.namespaces.feature" version="3.9.16" match="greaterOrEqual"/>
   </requires>

   <plugin
         id="org.springframework.ide.eclipse"
         download-size="21"
         install-size="45"
         version="3.9.16.202103111701-RELEASE"
         unpack="false"/>

   <plugin
         id="org.springframework.ide.eclipse.core"
         download-size="1655"
         install-size="2268"
         version="3.9.16.202103111701-RELEASE"
         unpack="false"/>

   <plugin
         id="org.springframework.ide.eclipse.doc"
         download-size="17"
         install-size="34"
         version="3.9.16.202103111701-RELEASE"
         unpack="false"/>

   <plugin
         id="org.springframework.ide.eclipse.ui"
         download-size="190"
         install-size="399"
         version="3.9.16.202103111701-RELEASE"
         unpack="false"/>

   <plugin
         id="org.springframework.ide.eclipse.xml.namespaces.manager"
         download-size="37"
         install-size="76"
         version="3.9.16.202103111701-RELEASE"
         unpack="false"/>

   <plugin
         id="org.springframework.ide.eclipse.beans.core"
         download-size="404"
         install-size="962"
         version="3.9.16.202103111701-RELEASE"
         unpack="false"/>

   <plugin
         id="org.springframework.ide.eclipse.beans.core.metadata"
         download-size="49"
         install-size="112"
         version="3.9.16.202103111701-RELEASE"
         unpack="false"/>

   <plugin
         id="org.springframework.ide.eclipse.beans.ui"
         download-size="391"
         install-size="836"
         version="3.9.16.202103111701-RELEASE"
         unpack="false"/>

   <plugin
         id="org.springframework.ide.eclipse.beans.ui.graph"
         download-size="93"
         install-size="198"
         version="3.9.16.202103111701-RELEASE"
         unpack="false"/>

   <plugin
         id="org.springframework.ide.eclipse.beans.ui.livegraph"
         download-size="55"
         install-size="113"
         version="3.9.16.202103111701-RELEASE"
         unpack="false"/>

   <plugin
         id="org.springframework.ide.eclipse.beans.ui.editor"
         download-size="294"
         install-size="615"
         version="3.9.16.202103111701-RELEASE"
         unpack="false"/>

   <plugin
         id="org.springframework.ide.eclipse.beans.ui.search"
         download-size="58"
         install-size="121"
         version="3.9.16.202103111701-RELEASE"
         unpack="false"/>

   <plugin
         id="org.springframework.ide.eclipse.beans.ui.refactoring"
         download-size="94"
         install-size="215"
         version="3.9.16.202103111701-RELEASE"
         unpack="false"/>

   <plugin
         id="org.springframework.ide.eclipse.quickfix"
         download-size="413"
         install-size="973"
         version="3.9.16.202103111701-RELEASE"
         unpack="false"/>

   <plugin
         id="org.springframework.ide.eclipse.metadata"
         download-size="124"
         install-size="267"
         version="3.9.16.202103111701-RELEASE"
         unpack="false"/>

   <plugin
         id="org.springframework.ide.eclipse.bestpractices"
         download-size="70"
         install-size="154"
         version="3.9.16.202103111701-RELEASE"
         unpack="false"/>

   <plugin
         id="org.springframework.ide.eclipse.config.core"
         download-size="140"
         install-size="242"
         version="3.9.16.202103111701-RELEASE"
         unpack="false"/>

   <plugin
         id="org.springframework.ide.eclipse.config.graph"
         download-size="234"
         install-size="468"
         version="3.9.16.202103111701-RELEASE"
         unpack="false"/>

   <plugin
         id="org.springframework.ide.eclipse.config.ui"
         download-size="1207"
         install-size="2325"
         version="3.9.16.202103111701-RELEASE"
         unpack="false"/>

   <plugin
         id="org.springframework.ide.eclipse.wizard"
         download-size="765"
         install-size="1179"
         version="3.9.16.202103111701-RELEASE"
         unpack="false"/>

   <plugin
         id="org.springframework.ide.eclipse.buildship30"
         download-size="25"
         install-size="52"
         version="4.10.0.202103111225"
         unpack="false"/>

   <plugin
         id="org.springframework.aop"
         download-size="395"
         install-size="873"
         version="4.3.23.20190313-CI"
         unpack="false"/>

   <plugin
         id="org.springframework.beans"
         download-size="788"
         install-size="1967"
         version="4.3.23.20190313-CI"
         unpack="false"/>

   <plugin
         id="org.springframework.context"
         download-size="1192"
         install-size="2721"
         version="4.3.23.20190313-CI"
         unpack="false"/>

   <plugin
         id="org.springframework.context.support"
         download-size="198"
         install-size="438"
         version="4.3.23.20190313-CI"
         unpack="false"/>

   <plugin
         id="org.springframework.core"
         download-size="1176"
         install-size="2390"
         version="4.3.23.20190313-CI"
         unpack="false"/>

   <plugin
         id="org.springframework.expression"
         download-size="284"
         install-size="614"
         version="4.3.23.20190313-CI"
         unpack="false"/>

   <plugin
         id="org.springframework.jdbc"
         download-size="451"
         install-size="982"
         version="4.3.23.20190313-CI"
         unpack="false"/>

   <plugin
         id="org.springframework.jms"
         download-size="303"
         install-size="764"
         version="4.3.23.20190313-CI"
         unpack="false"/>

   <plugin
         id="org.springframework.orm"
         download-size="497"
         install-size="1099"
         version="4.3.23.20190313-CI"
         unpack="false"/>

   <plugin
         id="org.springframework.oxm"
         download-size="92"
         install-size="219"
         version="4.3.23.20190313-CI"
         unpack="false"/>
         
   <plugin
         id="org.springframework.transaction"
         download-size="285"
         install-size="626"
         version="4.3.23.20190313-CI"
         unpack="false"/>

   <plugin
         id="org.springframework.web"
         download-size="864"
         install-size="1872"
         version="4.3.23.20190313-CI"
         unpack="false"/>

   <plugin
         id="org.springframework.web.servlet"
         download-size="949"
         install-size="2362"
         version="4.3.23.20190313-CI"
         unpack="false"/>

   <plugin
         id="javax.validation"
         download-size="84"
         install-size="135"
         version="1.1.0.v20200505-2127"
         unpack="false"/>

</feature>
