<?xml version="1.0" encoding="UTF-8"?>
<feature
      id="com.genuitec.eclipse.theming.core.feature"
      label="DevStyle (includes Darkest Dark Theme)"
      version="1.11.0.202103191838"
      provider-name="Genuitec, LLC">

   <description url="https://www.genuitec.com/products/devstyle/">
      DevStyle provides themes &amp; more to enhance Eclipse's style, including
the #1 Darkest Dark theme.
   </description>

   <copyright>
      %copyright
   </copyright>

   <license url="">
      %license
   </license>

   <includes
         id="com.genuitec.eclipse.base.feature"
         version="1.11.0.202103191838"/>

   <requires>
      <import plugin="org.eclipse.nebula.widgets.gallery" version="1.0.0" match="greaterOrEqual"/>
      <import plugin="org.eclipse.platform" version="4.6.0" match="greaterOrEqual"/>
   </requires>

   <plugin
         id="com.genuitec.eclipse.theming.base.mac"
         os="macosx"
         ws="cocoa,win32"
         arch="x86_64"
         download-size="3"
         install-size="2"
         version="1.11.0.202103191838"
         fragment="true"/>

   <plugin
         id="com.genuitec.eclipse.theming.base.win"
         os="win32"
         ws="win32"
         arch="x86,x86_64"
         download-size="6"
         install-size="14"
         version="1.11.0.202103191838"
         fragment="true"/>

   <plugin
         id="com.genuitec.eclipse.startup"
         download-size="2115"
         install-size="2805"
         version="1.11.0.202103191838"
         unpack="false"/>

   <plugin
         id="com.genuitec.eclipse.startup.workspace"
         download-size="34"
         install-size="65"
         version="1.11.0.202103191838"
         unpack="false"/>

   <plugin
         id="com.genuitec.eclipse.theming.epl"
         download-size="387"
         install-size="755"
         version="1.11.0.202103191838"/>

   <plugin
         id="com.genuitec.eclipse.theming.base"
         download-size="70"
         install-size="164"
         version="1.11.0.202103191838"
         unpack="false"/>

   <plugin
         id="com.genuitec.eclipse.webclipse.evergreen"
         download-size="108"
         install-size="212"
         version="1.11.0.202103191838"
         unpack="false"/>

   <plugin
         id="com.genuitec.eclipse.theming.css"
         download-size="30"
         install-size="138"
         version="1.11.0.202103191838"/>

   <plugin
         id="com.genuitec.eclipse.theming.scrollbar"
         download-size="330"
         install-size="813"
         version="1.11.0.202103191838"
         unpack="false"/>

   <plugin
         id="com.genuitec.eclipse.theming.scrollbar.mac"
         os="macosx"
         ws="cocoa"
         arch="x86_64"
         download-size="5"
         install-size="4"
         version="1.11.0.202103191838"
         fragment="true"
         unpack="false"/>

   <plugin
         id="com.genuitec.eclipse.theming.ui"
         download-size="1350"
         install-size="1808"
         version="1.11.0.202103191838"
         unpack="false"/>

   <plugin
         id="com.genuitec.eclipsecolortheme.api"
         download-size="117"
         install-size="291"
         version="1.11.0.202103191838"
         unpack="false"/>

   <plugin
         id="com.genuitec.eclipse.theming.scrollbar.win"
         os="win32"
         ws="win32"
         arch="x86,x86_64"
         download-size="17"
         install-size="61"
         version="1.11.0.202103191838"
         fragment="true"
         unpack="false"/>

   <plugin
         id="com.genuitec.eclipse.theming.elevation.win32"
         os="win32"
         arch="x86_64"
         download-size="137"
         install-size="258"
         version="1.11.0.202103191838"/>

   <plugin
         id="com.genuitec.eclipse.meexplorer"
         download-size="117"
         install-size="233"
         version="13.0.0.202103191838"
         unpack="false"/>

   <plugin
         id="com.genuitec.eclipse.inlinesearch"
         download-size="93"
         install-size="175"
         version="1.11.0.202103191838"
         unpack="false"/>

   <plugin
         id="com.genuitec.eclipse.theming.core"
         download-size="448"
         install-size="2043"
         version="1.11.0.202103191838"
         unpack="false"/>

   <plugin
         id="com.genuitec.eclipse.webicons"
         download-size="658"
         install-size="1334"
         version="1.11.0.202103191838"
         unpack="false"/>

</feature>
