<?xml version="1.0" encoding="UTF-8"?>
<feature
      id="com.genuitec.eclipse.theming.feature"
      label="DevStyle with CodeTogether Bundle"
      version="1.11.0.202103191838"
      provider-name="Genuitec, LLC">

   <description url="https://www.genuitec.com/products/devstyle/">
      DevStyle provides themes &amp; more to enhance Eclipse’s style, including
the #1 Darkest Dark theme.
   </description>

   <copyright>
      %copyright
   </copyright>

   <license>
      %license
   </license>

   <includes
         id="com.genuitec.eclipse.theming.core.feature"
         version="1.11.0.202103191838"/>

   <requires>
      <import feature="com.genuitec.eclipse.codetogether.feature" version="1.0.0" match="greaterOrEqual"/>
   </requires>

</feature>
