<?xml version="1.0" encoding="UTF-8"?>
<!--
/*******************************************************************************
 * Copyright (c) 2005, 2009 Spring IDE Developers
 * All rights reserved. This program and the accompanying materials
 * are made available under the terms of the Eclipse Public License v1.0
 * which accompanies this distribution, and is available at
 * https://www.eclipse.org/legal/epl-v10.html
 * 
 * Contributors:
 *     Spring IDE Developers - initial API and implementation
 *******************************************************************************/
 -->
<feature
      id="org.springframework.ide.eclipse.mylyn.feature"
      label="%featureName"
      version="3.9.16.202103111701-RELEASE"
      provider-name="%providerName"
      plugin="org.springframework.ide.eclipse">

   <description>
      %description
   </description>

   <copyright>
      %copyright
   </copyright>

   <license url="%licenseUrl">
      %license
   </license>

   <requires>
      <import feature="org.springframework.ide.eclipse.feature" version="3.9.16"/>
      <import feature="org.springframework.ide.eclipse.aop.feature" version="3.9.16"/>
      <import feature="org.eclipse.mylyn.context_feature" version="3.7.0" match="greaterOrEqual"/>
      <import feature="org.eclipse.mylyn.ide_feature" version="3.7.0" match="greaterOrEqual"/>
      <import feature="org.eclipse.mylyn.java_feature" version="3.7.0" match="greaterOrEqual"/>
      <import feature="org.eclipse.mylyn_feature" version="3.7.0" match="greaterOrEqual"/>
   </requires>

   <plugin
         id="org.springframework.ide.eclipse.webflow.mylyn"
         download-size="15"
         install-size="31"
         version="3.9.16.202103111701-RELEASE"
         unpack="false"/>

   <plugin
         id="org.springframework.ide.eclipse.beans.mylyn"
         download-size="36"
         install-size="79"
         version="3.9.16.202103111701-RELEASE"
         unpack="false"/>

   <plugin
         id="org.springframework.ide.eclipse.aop.mylyn"
         download-size="17"
         install-size="35"
         version="3.9.16.202103111701-RELEASE"
         unpack="false"/>

   <plugin
         id="org.springframework.ide.eclipse.mylyn"
         download-size="22"
         install-size="43"
         version="3.9.16.202103111701-RELEASE"
         unpack="false"/>

</feature>
