<?xml version="1.0" encoding="UTF-8"?>
<beans xmlns="http://www.springframework.org/schema/beans"
	xmlns:xsi="http://www.w3.org/2001/XMLSchema-instance" xmlns:int="http://www.springframework.org/schema/integration"
	xsi:schemaLocation="http://www.springframework.org/schema/beans http://www.springframework.org/schema/beans/spring-beans.xsd
		http://www.springframework.org/schema/integration http://www.springframework.org/schema/integration/spring-integration-4.2.xsd">

	<int:gateway service-interface="com.oreilly.integration.PrinterGateway"
		default-request-channel="inputChannel"/>
		
	<int:channel id="inputChannel">
		<int:dispatcher failover="false"/>
	</int:channel>

	<bean id="printService" class="com.oreilly.integration.PrintService"/>

	<bean id="uppercasePrintService" class="com.oreilly.integration.UppercasePrintService"/>

	<int:service-activator order="2" ref="uppercasePrintService" method="print" input-channel="inputChannel"/>

	<int:service-activator order="1" ref="printService" method="print" input-channel="inputChannel"/>

</beans>
