<?xml version="1.0" encoding="UTF-8"?>
<!--
/*******************************************************************************
 * Copyright (c) 2005, 2009 Spring IDE Developers
 * All rights reserved. This program and the accompanying materials
 * are made available under the terms of the Eclipse Public License v1.0
 * which accompanies this distribution, and is available at
 * https://www.eclipse.org/legal/epl-v10.html
 * 
 * Contributors:
 *     Spring IDE Developers - initial API and implementation
 *******************************************************************************/
 -->
<feature
      id="org.springframework.ide.eclipse.security.feature"
      label="%featureName"
      version="3.9.16.202103111701-RELEASE"
      provider-name="%providerName"
      plugin="org.springframework.ide.eclipse">

   <description>
      %description
   </description>

   <copyright>
      %copyright
   </copyright>

   <license url="%licenseUrl">
      %license
   </license>

   <requires>
      <import feature="org.springframework.ide.eclipse.feature" version="3.9.16"/>
   </requires>

   <plugin
         id="org.springframework.ide.eclipse.security"
         download-size="26"
         install-size="52"
         version="3.9.16.202103111701-RELEASE"
         unpack="false"/>

</feature>
