<?xml version="1.0" encoding="UTF-8"?>
<beans xmlns="http://www.springframework.org/schema/beans"
	xmlns:xsi="http://www.w3.org/2001/XMLSchema-instance"
	xmlns:int="http://www.springframework.org/schema/integration"
	xmlns:task="http://www.springframework.org/schema/task"
	xmlns:int-file="http://www.springframework.org/schema/integration/file"
	xsi:schemaLocation="http://www.springframework.org/schema/task http://www.springframework.org/schema/task/spring-task-4.2.xsd
		http://www.springframework.org/schema/beans http://www.springframework.org/schema/beans/spring-beans.xsd
		http://www.springframework.org/schema/integration/file http://www.springframework.org/schema/integration/file/spring-integration-file-4.2.xsd
		http://www.springframework.org/schema/integration http://www.springframework.org/schema/integration/spring-integration-4.2.xsd">
	
	<int-file:inbound-channel-adapter 
		directory="file:src/test/read"
		filename-pattern="sample.txt"
		channel="inboundChannel">
		<int:poller fixed-rate="10000"/>
	</int-file:inbound-channel-adapter>
	
	<int:channel id="inboundChannel"/>
	
	<int-file:file-to-string-transformer input-channel="inboundChannel" output-channel="transformChannel"/>
	
	<int:channel id="transformChannel"/>
	
	<int-file:outbound-gateway 
		request-channel="transformChannel"
		reply-channel="outboundChannel"
		directory="file:src/test/write"
		auto-create-directory="true"
		mode="REPLACE"
	/>
		
	<int:channel id="outboundChannel"/>
	
	<int:service-activator ref="filePrinter" method="print" input-channel="outboundChannel"/>
	
	<bean id="filePrinter" class="com.oreilly.integration.FilePrinter"/>

<!--	
	<int-file:outbound-channel-adapter
		directory="file:src/test/write"
		channel="inboundChannel"
		auto-create-directory="true"
		mode="REPLACE"
		delete-source-files="true">
	</int-file:outbound-channel-adapter>
-->	
</beans>
