<?xml version="1.0" encoding="UTF-8"?>
<feature
      id="org.springsource.ide.eclipse.dashboard"
      label="%featureName"
      version="3.9.16.202103111541-RELEASE"
      provider-name="%providerName">

   <description>
      %description
   </description>

   <copyright>
      %copyright
   </copyright>

   <license url="%licenseUrl">
      %license
   </license>

   <requires>
      <import feature="org.eclipse.mylyn_feature" version="3.4.0.v20100601" match="compatible"/>
      <import feature="org.eclipse.mylyn.context_feature" version="3.4.0.v20100601" match="compatible"/>
   </requires>

   <plugin
         id="org.springsource.ide.eclipse.dashboard.ui"
         download-size="247"
         install-size="507"
         version="3.9.16.202103111541-RELEASE"
         unpack="false"/>

   <plugin
         id="org.springsource.ide.eclipse.commons.gettingstarted"
         download-size="326"
         install-size="772"
         version="3.9.16.202103111541-RELEASE"/>

   <plugin
         id="org.springsource.ide.eclipse.commons.browser"
         download-size="39"
         install-size="70"
         version="3.9.16.202103111541-RELEASE"/>

</feature>
