<?xml version="1.0" encoding="UTF-8"?>
<beans xmlns="http://www.springframework.org/schema/beans"
	xmlns:xsi="http://www.w3.org/2001/XMLSchema-instance"
	xmlns:int="http://www.springframework.org/schema/integration"
	xmlns:task="http://www.springframework.org/schema/task"
	xmlns:int-file="http://www.springframework.org/schema/integration/file"
	xmlns:int-ftp="http://www.springframework.org/schema/integration/ftp"
	xmlns:int-jdbc="http://www.springframework.org/schema/integration/jdbc"
	xmlns:jdbc="http://www.springframework.org/schema/jdbc"
	xsi:schemaLocation="http://www.springframework.org/schema/integration/jdbc http://www.springframework.org/schema/integration/jdbc/spring-integration-jdbc-4.2.xsd
		http://www.springframework.org/schema/jdbc http://www.springframework.org/schema/jdbc/spring-jdbc-4.2.xsd
		http://www.springframework.org/schema/task http://www.springframework.org/schema/task/spring-task-4.2.xsd
		http://www.springframework.org/schema/beans http://www.springframework.org/schema/beans/spring-beans.xsd
		http://www.springframework.org/schema/integration/file http://www.springframework.org/schema/integration/file/spring-integration-file-4.2.xsd
		http://www.springframework.org/schema/integration/ftp http://www.springframework.org/schema/integration/ftp/spring-integration-ftp-4.2.xsd
		http://www.springframework.org/schema/integration http://www.springframework.org/schema/integration/spring-integration-4.2.xsd">

	<jdbc:embedded-database id="datasource" type="H2">
		<jdbc:script location="init.sql"/>
	</jdbc:embedded-database>
	
	<int-jdbc:inbound-channel-adapter
		channel="jdbcChannel"
		query="select * from person"
		data-source="datasource">
		<int:poller fixed-rate="4000"></int:poller>
	</int-jdbc:inbound-channel-adapter>	
	
	<bean id="mp" class="com.oreilly.integration.MessagePrinter"/>
	
	<int:service-activator ref="mp" method="print" input-channel="jdbcChannel"/>
	
	<int:channel id="jdbcChannel"/>
	
</beans>
